{"cameraMode":{"drawMode":0,"name":"Shaded","section":"Shading Mode"},"sceneLighting":false,"audioPlay":false,"sceneViewState":{"m_AlwaysRefresh":false,"showFog":false,"showSkybox":false,"showFlares":false,"showImageEffects":false,"showParticleSystems":false,"showVisualEffectGraphs":true,"m_FxEnabled":true},"in2DMode":false,"pivot":{"x":-0.0000024813998606987299,"y":1.3476645946502686,"z":-0.002564716152846813},"rotation":{"x":-0.015494929626584053,"y":0.9535923600196838,"z":-0.2965484857559204,"w":-0.04982643201947212},"size":0.8683942556381226,"orthographic":false}