{"cameraMode":{"drawMode":0,"name":"Shaded","section":"Shading Mode"},"sceneLighting":false,"audioPlay":false,"sceneViewState":{"m_AlwaysRefresh":false,"showFog":false,"showSkybox":false,"showFlares":false,"showImageEffects":false,"showParticleSystems":false,"showVisualEffectGraphs":true,"m_FxEnabled":true},"in2DMode":false,"pivot":{"x":5.960464477539063e-8,"y":0.7229986190795898,"z":0.023988306522369386},"rotation":{"x":0.08179309219121933,"y":-0.12138466536998749,"z":0.010036964900791645,"w":0.9891799092292786},"size":0.9160720705986023,"orthographic":false}