{"cameraMode":{"drawMode":0,"name":"Shaded","section":"Shading Mode"},"sceneLighting":false,"audioPlay":false,"sceneViewState":{"m_AlwaysRefresh":false,"showFog":false,"showSkybox":false,"showFlares":false,"showImageEffects":false,"showParticleSystems":false,"showVisualEffectGraphs":true,"m_FxEnabled":true},"in2DMode":false,"pivot":{"x":0.0019363164901733399,"y":0.8455733060836792,"z":-0.04738995432853699},"rotation":{"x":0.08179309219121933,"y":-0.12138466536998749,"z":0.010036964900791645,"w":0.9891799092292786},"size":1.135537028312683,"orthographic":false}